"","df","AIC"
"ols_1",4,1258.54022330694
"err_1",5,1030.97202506174
"lag_1",5,1040.19910556756
